USE world_simple;
SELECT Name FROM city WHERE CountryCode=(
SELECT Code FROM country WHERE Name='Romania'
);
Name
Bucuresti
Iasi
SELECT
Name,
CountryCode,
(SELECT Name FROM country WHERE Code=city.CountryCode) AS CountryName
FROM city;
Name	CountryCode	CountryName
Sofija	BGR	Bulgaria
Plovdiv	BGR	Bulgaria
Bucuresti	ROM	Romania
Iasi	ROM	Romania
Skopje	MKD	NULL
