USE test;
DROP TABLE IF EXISTS logincount;
CREATE TABLE logincount (user varchar(255) primary key, logins int not null);
INSERT INTO logincount VALUES ('jdoe', 1) ON DUPLICATE KEY
UPDATE logins=logins+1;
SELECT * FROM logincount;
user	logins
jdoe	1
INSERT INTO logincount VALUES ('jdoe', 1) ON DUPLICATE KEY
UPDATE logins=logins+1;
SELECT * FROM logincount;
user	logins
jdoe	2
